user_id,visit_goal_converted,visitor_days_since_order,visitor_returning,visitor_count_visits,visit_entry_idaction_name,visit_entry_idaction_url,visit_exit_idaction_name,visit_exit_idaction_url,visit_total_actions,visit_total_interactions,visit_total_searches,referer_keyword,referer_name,referer_type,location_browser_lang,config_browser_engine,config_browser_name,config_browser_version,config_device_brand,config_device_model,config_os,config_os_version,visit_total_events,config_resolution,config_cookie,config_director,config_flash,config_gears,config_java,config_pdf,config_quicktime,config_realplayer,config_silverlight,config_windowsmedia,visit_total_time,location_city,location_country,location_latitude,location_longitude,location_region,custom_var_v2,custom_var_v3,longlat,date,month,year,min,sec,visitor_localtime_hour,visitor_localtime_min,visitor_localtime_sec
25,0,0,2,1,133,134,133,134,1,1,0,0,5,4,82,5,6,5.1,0,1,6,22,0,13,1,0,1,0,1,1,1,0,0,0,0,108,8,-8.204076,14.016165,25,3,4,118,26,6,2019,12,18,21,14,56
31,0,0,0,1,286,287,295,296,6,4,0,0,7,1,42,3,5,9.72,0,1,1,0,0,8,1,1,1,0,1,1,0,0,0,0,1,148,11,67.374694,-72.388187,18,5,6,239,26,6,2019,12,18,11,4,7
31,0,0,0,1,288,289,297,298,2,2,0,0,8,4,18,1,2,3.6,1,1,2,1,0,14,1,1,1,1,1,1,1,0,0,1,6,195,2,39.439213,6.532477,20,0,8,190,26,6,2019,2,19,17,17,37
31,0,0,1,1,0,0,0,0,1,0,0,0,68,2,18,4,3,8,0,1,6,18,0,15,1,1,1,0,0,1,0,0,0,1,0,113,3,-53.628711,43.470914,15,9,7,75,26,6,2019,2,50,16,57,26
31,0,0,1,1,294,207,294,207,1,1,0,0,26,2,82,5,4,3,1,3,0,11,0,2,1,1,1,0,1,1,0,0,0,1,0,145,3,-42.65666,43.682661,4,0,4,60,26,6,2019,3,38,3,42,1
31,0,0,1,1,300,301,300,301,6,1,0,0,75,2,84,3,5,9.19,0,1,6,5,5,4,1,1,1,0,1,1,0,0,0,1,3,125,8,-73.802857,-176.923898,21,4,9,104,26,6,2019,7,11,12,36,17
31,0,0,1,1,0,0,0,0,1,0,0,0,0,0,32,5,4,4,1,3,0,8,0,10,1,1,1,0,1,1,1,0,0,0,0,86,7,-21.572657,-121.382156,14,5,2,23,26,6,2019,10,34,1,41,47
45,0,0,0,1,305,306,318,231,7,4,0,0,7,1,6,3,5,9.92,0,1,1,0,4,21,1,1,1,0,1,1,1,0,0,0,1,66,9,-78.467137,-95.466057,13,9,4,115,26,6,2019,12,18,1,22,46
45,1,0,0,1,308,309,308,309,1,1,0,39,7,1,23,5,1,15,0,1,6,15,0,21,1,1,0,0,1,1,1,0,0,0,11,219,6,-33.483106,9.282019,V8,10,6,43,26,6,2019,11,6,5,0,56
45,0,0,0,1,316,317,316,317,1,1,0,0,0,0,84,5,1,15,0,1,6,20,0,1,1,0,1,0,1,1,1,0,0,1,0,98,9,-25.723562,77.980664,7,6,9,31,26,6,2019,2,42,5,16,25
9,0,0,0,1,335,336,335,336,1,1,0,0,31,2,29,1,2,14,0,1,1,0,0,22,1,1,1,0,1,0,0,0,0,1,0,248,4,71.914114,-54.617089,29,8,2,243,26,6,2019,5,16,12,40,51
9,1,0,2,1,337,338,367,368,15,10,0,0,8,4,3,5,1,14,0,1,6,20,6,15,1,1,1,0,1,1,0,0,0,1,15,70,3,68.820572,-133.438418,11,4,2,240,26,6,2019,12,18,22,58,35
9,1,0,1,1,345,346,345,346,1,1,0,29,3,1,73,5,1,14,1,1,2,3,0,12,1,0,1,0,1,1,0,0,0,1,11,192,4,-75.103127,-74.962994,60,3,5,109,26,6,2019,6,28,6,34,58
9,0,0,1,1,0,0,0,0,3,0,0,0,3,1,56,1,2,14,0,1,6,23,3,1,1,0,1,0,1,1,0,0,0,1,1,205,6,-59.04157,71.653736,G8,6,6,84,26,6,2019,8,42,17,1,29
9,0,0,1,1,0,0,0,0,1,0,0,0,0,0,53,5,6,5,0,1,6,20,0,13,1,1,1,0,1,1,0,0,0,0,1,43,7,76.881735,157.393059,23,8,3,251,26,6,2019,10,36,8,30,59
55,1,0,2,1,0,457,497,498,13,8,1,20,2,1,50,5,6,5,0,1,6,16,4,2,1,0,1,0,1,0,0,0,0,1,1,214,5,50.649718,17.550862,C1,3,6,210,26,6,2019,17,21,8,53,53
55,0,0,0,1,452,407,490,491,5,4,0,0,47,2,82,4,3,8,0,1,6,20,1,7,1,0,0,0,1,1,0,0,0,1,0,208,8,-14.651877,141.395842,25,9,9,11,26,6,2019,5,16,15,17,34
55,0,0,0,1,459,460,459,460,1,1,0,0,0,0,82,1,2,3.6,0,1,6,5,0,1,1,0,1,0,1,1,0,0,0,0,0,266,2,24.193281,-177.514029,13,9,2,160,26,6,2019,3,11,0,56,10
55,0,0,0,1,470,471,470,471,1,1,0,0,74,2,63,5,6,5,1,1,2,4,0,5,1,1,1,1,1,1,0,0,0,0,1,59,7,74.116989,-152.348342,3,8,3,247,26,6,2019,2,27,2,28,10
55,0,0,1,1,473,182,473,182,3,1,0,8,3,1,18,5,1,15,0,1,1,0,3,16,1,1,1,0,1,0,0,0,0,0,1,42,4,9.42943,-150.169149,31,10,9,266,26,6,2019,12,38,17,1,27
55,0,0,1,1,477,478,477,478,1,1,0,0,35,2,82,4,3,6,0,1,6,20,0,21,1,0,1,0,0,1,0,0,0,1,0,218,13,12.946909,-97.783179,HI,1,3,143,26,6,2019,6,12,20,28,28
55,0,0,1,1,479,480,479,480,1,1,0,8,9,1,19,4,3,9,0,1,6,22,0,1,1,1,1,0,1,1,0,0,0,1,0,177,3,65.800654,-24.135051,7,6,5,235,26,6,2019,9,58,4,56,49
55,0,0,1,1,0,0,0,0,1,0,0,0,7,1,82,5,1,13,0,1,6,18,0,25,1,0,1,1,1,0,0,0,0,1,0,255,3,41.227786,-125.071411,10,3,4,193,26,6,2019,14,16,12,3,22
55,0,0,1,1,492,493,492,493,1,1,0,24,20,3,15,1,2,3.8,1,1,2,1,0,17,1,1,1,0,1,1,1,0,0,1,1,103,1,-44.431096,-44.487651,QC,8,2,65,26,6,2019,7,39,16,38,31
55,0,0,1,1,495,496,495,496,1,1,0,0,5,4,19,3,5,9.14,0,1,6,18,0,8,1,1,1,0,1,1,0,0,0,1,0,119,3,51.03617,-132.782254,8,10,3,212,26,6,2019,13,41,23,28,33
55,1,0,1,1,499,90,499,90,1,1,0,0,10,1,15,4,3,5,0,2,5,0,0,1,1,1,1,0,1,1,0,0,0,0,11,207,7,30.259352,141.263772,24,4,5,176,26,6,2019,8,53,13,31,50
20,0,0,0,1,513,514,513,514,1,1,0,0,3,1,43,3,5,9.13,0,1,1,0,0,8,1,1,1,1,1,1,0,0,0,0,0,109,10,-37.62181,-28.007135,31,1,2,50,26,6,2019,1,35,15,22,53
20,0,0,1,1,515,516,515,516,2,1,0,37,7,1,26,5,4,4,1,3,0,12,1,10,1,1,1,0,1,1,1,1,0,0,1,26,2,-31.990415,103.670181,11,4,2,41,26,6,2019,9,30,12,5,1
20,0,0,2,1,0,0,0,0,1,0,0,0,4,1,63,5,1,15,0,2,5,0,0,23,1,0,1,0,1,1,0,0,0,0,1,243,11,37.85901,-62.201645,5,7,3,186,26,6,2019,12,14,6,54,54
20,0,0,2,1,519,123,519,123,1,1,0,0,0,0,24,5,6,5.1,0,1,6,5,0,15,0,1,1,0,0,1,1,0,0,1,0,18,8,-10.370984,-94.380064,22,10,9,5,26,6,2019,17,21,12,58,35
20,0,0,2,1,520,521,520,521,1,1,0,15,9,1,6,5,6,4.1,0,1,6,18,0,10,1,1,1,0,1,1,0,1,0,1,1,28,2,28.096244,-110.650952,15,4,2,170,26,6,2019,12,56,9,34,0
20,0,0,1,1,523,524,523,524,2,1,0,0,53,2,67,1,2,3.6,1,1,2,3,1,9,1,0,0,0,1,0,1,0,0,1,1,71,4,-87.700665,7.026375,53,1,7,132,26,6,2019,6,26,20,41,55
2,0,0,2,1,539,385,539,385,2,1,0,0,8,4,15,5,4,4,1,3,0,11,0,19,0,1,1,0,1,1,0,0,0,1,1,88,7,3.977691,102.67343,27,0,8,173,26,6,2019,17,21,19,55,36
34,0,0,2,1,542,120,542,120,1,1,0,0,0,0,60,1,2,3.8,0,1,1,0,0,18,1,0,1,0,0,0,1,1,0,1,1,193,4,21.590176,54.585682,32,6,3,155,26,6,2019,15,24,23,14,25
17,0,0,0,1,0,0,0,0,1,0,0,0,78,2,38,4,3,9,0,1,6,19,0,14,1,1,1,0,1,0,1,0,1,1,0,161,7,-42.37367,-149.858436,31,5,9,59,26,6,2019,8,39,15,4,58
17,0,0,2,1,548,296,552,67,2,2,0,0,0,0,24,5,1,14,1,1,2,1,0,1,1,1,1,0,1,1,0,0,0,1,8,245,6,83.035991,-173.6678,C8,7,8,258,26,6,2019,15,47,18,19,36
17,0,0,0,1,550,551,550,551,1,1,0,0,34,2,66,5,6,5,1,1,2,1,0,22,0,1,1,0,1,1,0,0,0,0,0,201,6,-22.574114,-68.412277,C5,4,9,25,26,6,2019,5,6,4,28,47
17,0,0,1,1,553,554,553,554,1,1,0,0,5,4,47,4,3,7,0,2,5,0,0,20,1,0,0,0,1,1,1,0,0,0,0,10,10,73.309547,-70.332365,20,0,8,245,26,6,2019,10,2,20,24,47
17,0,0,2,1,555,556,555,556,3,1,0,0,67,2,6,5,6,4,0,1,6,20,3,11,0,1,1,0,0,0,0,0,0,1,1,118,4,-51.498641,33.443422,58,6,7,72,26,6,2019,17,21,4,24,49
17,0,0,0,1,558,559,558,559,1,1,0,0,27,2,15,4,3,5,0,1,6,20,0,21,1,0,1,0,1,0,1,0,0,0,0,133,9,27.004898,89.761687,6,5,3,168,26,6,2019,2,44,3,12,31
17,0,0,1,1,560,400,560,400,1,1,0,0,18,2,38,4,3,6,0,2,5,0,0,13,1,1,1,0,1,0,1,0,0,1,1,8,1,-69.514646,-2.4744,NT,3,6,95,26,6,2019,3,43,19,36,22
17,0,0,2,1,0,0,0,0,1,0,0,0,54,2,74,5,6,4.1,0,1,6,16,0,11,1,1,1,0,1,1,0,0,0,0,0,146,6,-17.116412,-113.833904,C7,1,8,14,26,6,2019,14,52,5,49,16
40,0,0,2,1,562,112,562,112,2,1,0,0,5,4,18,5,1,14,0,1,6,5,1,11,1,0,1,0,1,0,1,1,0,0,1,0,10,-60.24675,176.653961,25,1,5,87,26,6,2019,13,4,15,44,8
40,0,0,0,1,564,565,564,565,1,1,0,28,15,3,82,4,3,8,0,2,5,0,0,25,1,1,1,0,1,1,1,0,0,1,0,117,5,50.514513,143.490928,97,5,7,208,26,6,2019,5,31,8,39,5
40,0,0,0,1,566,567,570,83,2,2,0,0,29,2,62,1,2,3.8,0,1,1,0,0,12,1,0,1,0,1,1,0,0,0,1,23,57,4,-80.152864,-106.551144,31,6,2,121,26,6,2019,3,46,12,22,32
40,0,0,1,1,568,498,568,498,2,1,0,0,54,2,53,4,3,9,0,1,6,23,1,17,1,1,1,0,1,1,0,0,0,0,1,215,3,-7.027461,43.790988,10,4,9,96,26,6,2019,4,18,3,9,48
40,0,0,2,1,571,572,571,572,1,1,0,47,11,1,80,5,1,15,1,1,2,4,0,16,1,0,1,0,1,0,1,0,0,1,0,32,11,24.495483,38.652364,6,7,5,161,26,6,2019,17,21,2,53,28
46,0,0,0,1,577,578,577,578,2,1,0,24,20,3,9,1,2,3.8,1,1,2,4,1,23,1,1,1,0,1,0,1,0,0,1,1,187,6,9.396795,12.457396,X7,6,8,265,26,6,2019,6,4,19,8,36
46,0,0,0,1,580,581,580,581,1,1,0,0,0,0,52,5,1,15,1,1,2,3,0,19,1,1,1,0,1,1,1,0,0,0,0,12,10,-60.386184,68.047564,2,8,9,88,26,6,2019,4,1,5,31,22
33,0,0,0,1,582,583,582,583,1,1,0,0,59,2,82,3,5,9.83,0,1,1,0,0,9,1,0,1,0,0,0,0,0,0,1,0,80,3,41.442124,-59.513944,11,4,3,194,26,6,2019,3,10,12,53,36
33,0,0,2,1,584,585,593,594,3,3,0,0,7,1,6,4,3,8,0,2,5,0,0,22,1,0,1,0,0,1,0,0,0,0,21,159,12,-71.683086,71.417334,17,5,7,100,26,6,2019,13,12,5,3,3
33,0,0,0,1,586,587,586,587,1,1,0,33,7,1,42,5,6,4,0,1,6,16,0,9,1,1,1,1,1,1,0,0,0,1,0,96,11,-71.41294,-166.690515,14,8,6,99,26,6,2019,1,4,10,14,31
33,0,0,0,1,591,592,604,605,2,2,0,0,54,2,82,5,6,5,0,1,6,18,0,22,1,1,0,0,1,0,1,0,0,0,5,170,9,-37.699778,88.545339,10,10,8,51,26,6,2019,0,25,23,31,14
33,1,0,2,1,595,596,614,496,6,4,0,0,8,4,35,3,5,9.52,0,1,6,14,0,4,1,1,1,0,1,1,0,0,0,1,1,63,1,48.652076,-56.380938,QC,4,6,204,26,6,2019,17,21,9,19,5
33,0,0,1,1,597,234,597,234,1,1,0,0,54,2,8,5,6,4,1,1,2,2,0,5,1,0,1,1,1,0,0,0,0,1,0,142,3,-50.079586,-24.601589,13,7,3,71,26,6,2019,8,26,18,54,11
33,0,0,1,1,598,599,598,599,1,1,0,0,43,2,6,3,5,9.42,0,1,1,0,0,6,1,0,1,0,1,1,0,0,0,1,0,180,11,37.536644,99.375775,19,9,8,185,26,6,2019,2,0,2,13,7
33,0,0,1,1,606,545,606,545,1,1,0,5,7,1,82,5,6,5,1,1,2,2,0,17,1,0,1,0,1,1,1,0,0,1,0,105,4,82.778822,-142.328796,51,10,4,257,26,6,2019,7,39,6,34,16
33,0,0,1,1,607,608,607,608,1,1,0,0,54,2,4,5,1,14,1,1,2,2,0,2,1,1,1,0,1,1,1,0,0,1,0,50,1,50.602165,-120.071059,QC,5,5,209,26,6,2019,3,55,21,59,27
33,0,0,1,1,611,612,611,612,3,1,0,36,2,1,58,4,3,5,0,1,6,19,3,25,1,1,1,0,1,1,1,0,0,0,1,257,13,-7.769853,52.329325,GA,10,3,98,26,6,2019,5,7,10,21,7
21,0,0,2,1,638,639,638,639,1,1,0,0,24,2,73,5,1,15,0,1,6,18,0,21,1,0,1,0,1,0,0,1,0,0,0,235,2,-8.810383,125.528714,12,4,4,119,26,6,2019,17,21,13,11,30
21,0,0,0,1,0,0,0,0,1,0,0,0,8,4,19,3,5,8.13,0,1,6,16,0,8,1,0,0,0,1,0,1,0,0,1,1,164,11,-31.516209,59.287335,19,9,2,39,26,6,2019,11,16,11,9,30
5,0,0,2,1,699,218,699,218,1,1,0,0,5,4,8,1,2,3.8,0,1,6,20,0,10,1,0,1,0,1,0,1,1,0,0,0,160,2,-24.684584,153.641587,18,7,4,29,26,6,2019,15,3,16,27,25
5,0,0,2,1,700,701,700,701,2,1,0,42,2,1,6,5,4,3,1,3,0,13,0,5,1,0,1,1,1,1,0,0,0,1,0,78,1,-48.867086,157.380026,SK,9,2,70,26,6,2019,16,49,14,55,9
5,0,0,0,1,0,0,0,0,3,0,0,0,45,2,3,5,4,4,1,3,0,7,3,5,1,1,1,1,1,1,1,0,0,0,1,165,9,81.792905,31.635109,11,4,7,255,26,6,2019,0,53,9,44,37
5,0,0,2,1,0,608,707,608,4,1,0,0,6,4,26,1,2,9,1,1,2,4,3,1,1,0,1,0,1,0,0,0,1,1,1,129,11,-73.883923,-97.067766,13,1,4,105,26,6,2019,17,21,3,2,25
5,0,0,1,1,702,608,702,608,1,1,0,10,2,1,24,5,1,13,1,1,2,2,0,1,1,1,1,0,1,0,1,0,0,0,0,114,5,-14.802896,-172.509958,C1,9,5,12,26,6,2019,5,31,20,8,20
5,0,0,1,1,703,493,708,709,2,2,0,24,20,3,12,1,2,3.6,1,1,2,2,0,10,0,0,1,0,1,0,1,0,0,0,4,48,2,-24.015227,-152.962096,12,5,9,28,26,6,2019,2,51,1,34,23
5,0,0,1,1,0,0,0,0,1,0,0,0,5,4,26,3,5,9.76,0,1,6,19,0,12,1,1,1,0,1,1,0,0,0,1,0,91,1,-62.581557,-104.680614,ON,9,7,90,26,6,2019,1,38,9,3,50
5,0,0,1,1,704,705,704,705,3,1,0,0,36,2,40,5,1,13,0,1,6,23,3,5,1,0,1,1,0,0,1,0,0,1,1,112,10,-88.460468,-15.405431,22,7,7,133,26,6,2019,4,13,14,2,29
25,0,0,2,1,133,134,133,134,1,1,0,0,5,4,82,5,6,5.1,0,1,6,22,0,13,1,0,1,0,1,1,1,0,0,0,0,108,8,-8.204076,14.016165,25,3,4,118,26,6,2019,12,18,21,14,56
31,0,0,0,1,286,287,295,296,6,4,0,0,7,1,42,3,5,9.72,0,1,1,0,0,8,1,1,1,0,1,1,0,0,0,0,1,148,11,67.374694,-72.388187,18,5,6,239,26,6,2019,12,18,11,4,7
31,0,0,0,1,288,289,297,298,2,2,0,0,8,4,18,1,2,3.6,1,1,2,1,0,14,1,1,1,1,1,1,1,0,0,1,6,195,2,39.439213,6.532477,20,0,8,190,26,6,2019,2,19,17,17,37
31,0,0,1,1,0,0,0,0,1,0,0,0,68,2,18,4,3,8,0,1,6,18,0,15,1,1,1,0,0,1,0,0,0,1,0,113,3,-53.628711,43.470914,15,9,7,75,26,6,2019,2,50,16,57,26
31,0,0,1,1,294,207,294,207,1,1,0,0,26,2,82,5,4,3,1,3,0,11,0,2,1,1,1,0,1,1,0,0,0,1,0,145,3,-42.65666,43.682661,4,0,4,60,26,6,2019,3,38,3,42,1
31,0,0,1,1,300,301,300,301,6,1,0,0,75,2,84,3,5,9.19,0,1,6,5,5,4,1,1,1,0,1,1,0,0,0,1,3,125,8,-73.802857,-176.923898,21,4,9,104,26,6,2019,7,11,12,36,17
31,0,0,1,1,0,0,0,0,1,0,0,0,0,0,32,5,4,4,1,3,0,8,0,10,1,1,1,0,1,1,1,0,0,0,0,86,7,-21.572657,-121.382156,14,5,2,23,26,6,2019,10,34,1,41,47
45,0,0,0,1,305,306,318,231,7,4,0,0,7,1,6,3,5,9.92,0,1,1,0,4,21,1,1,1,0,1,1,1,0,0,0,1,66,9,-78.467137,-95.466057,13,9,4,115,26,6,2019,12,18,1,22,46
45,1,0,0,1,308,309,308,309,1,1,0,39,7,1,23,5,1,15,0,1,6,15,0,21,1,1,0,0,1,1,1,0,0,0,11,219,6,-33.483106,9.282019,V8,10,6,43,26,6,2019,11,6,5,0,56
45,0,0,0,1,316,317,316,317,1,1,0,0,0,0,84,5,1,15,0,1,6,20,0,1,1,0,1,0,1,1,1,0,0,1,0,98,9,-25.723562,77.980664,7,6,9,31,26,6,2019,2,42,5,16,25
9,0,0,0,1,335,336,335,336,1,1,0,0,31,2,29,1,2,14,0,1,1,0,0,22,1,1,1,0,1,0,0,0,0,1,0,248,4,71.914114,-54.617089,29,8,2,243,26,6,2019,5,16,12,40,51
9,1,0,2,1,337,338,367,368,15,10,0,0,8,4,3,5,1,14,0,1,6,20,6,15,1,1,1,0,1,1,0,0,0,1,15,70,3,68.820572,-133.438418,11,4,2,240,26,6,2019,12,18,22,58,35
9,1,0,1,1,345,346,345,346,1,1,0,29,3,1,73,5,1,14,1,1,2,3,0,12,1,0,1,0,1,1,0,0,0,1,11,192,4,-75.103127,-74.962994,60,3,5,109,26,6,2019,6,28,6,34,58
9,0,0,1,1,0,0,0,0,3,0,0,0,3,1,56,1,2,14,0,1,6,23,3,1,1,0,1,0,1,1,0,0,0,1,1,205,6,-59.04157,71.653736,G8,6,6,84,26,6,2019,8,42,17,1,29
9,0,0,1,1,0,0,0,0,1,0,0,0,0,0,53,5,6,5,0,1,6,20,0,13,1,1,1,0,1,1,0,0,0,0,1,43,7,76.881735,157.393059,23,8,3,251,26,6,2019,10,36,8,30,59
55,1,0,2,1,0,457,497,498,13,8,1,20,2,1,50,5,6,5,0,1,6,16,4,2,1,0,1,0,1,0,0,0,0,1,1,214,5,50.649718,17.550862,C1,3,6,210,26,6,2019,17,21,8,53,53
55,0,0,0,1,452,407,490,491,5,4,0,0,47,2,82,4,3,8,0,1,6,20,1,7,1,0,0,0,1,1,0,0,0,1,0,208,8,-14.651877,141.395842,25,9,9,11,26,6,2019,5,16,15,17,34
55,0,0,0,1,459,460,459,460,1,1,0,0,0,0,82,1,2,3.6,0,1,6,5,0,1,1,0,1,0,1,1,0,0,0,0,0,266,2,24.193281,-177.514029,13,9,2,160,26,6,2019,3,11,0,56,10
55,0,0,0,1,470,471,470,471,1,1,0,0,74,2,63,5,6,5,1,1,2,4,0,5,1,1,1,1,1,1,0,0,0,0,1,59,7,74.116989,-152.348342,3,8,3,247,26,6,2019,2,27,2,28,10
55,0,0,1,1,473,182,473,182,3,1,0,8,3,1,18,5,1,15,0,1,1,0,3,16,1,1,1,0,1,0,0,0,0,0,1,42,4,9.42943,-150.169149,31,10,9,266,26,6,2019,12,38,17,1,27
55,0,0,1,1,477,478,477,478,1,1,0,0,35,2,82,4,3,6,0,1,6,20,0,21,1,0,1,0,0,1,0,0,0,1,0,218,13,12.946909,-97.783179,HI,1,3,143,26,6,2019,6,12,20,28,28
55,0,0,1,1,479,480,479,480,1,1,0,8,9,1,19,4,3,9,0,1,6,22,0,1,1,1,1,0,1,1,0,0,0,1,0,177,3,65.800654,-24.135051,7,6,5,235,26,6,2019,9,58,4,56,49
55,0,0,1,1,0,0,0,0,1,0,0,0,7,1,82,5,1,13,0,1,6,18,0,25,1,0,1,1,1,0,0,0,0,1,0,255,3,41.227786,-125.071411,10,3,4,193,26,6,2019,14,16,12,3,22
55,0,0,1,1,492,493,492,493,1,1,0,24,20,3,15,1,2,3.8,1,1,2,1,0,17,1,1,1,0,1,1,1,0,0,1,1,103,1,-44.431096,-44.487651,QC,8,2,65,26,6,2019,7,39,16,38,31
55,0,0,1,1,495,496,495,496,1,1,0,0,5,4,19,3,5,9.14,0,1,6,18,0,8,1,1,1,0,1,1,0,0,0,1,0,119,3,51.03617,-132.782254,8,10,3,212,26,6,2019,13,41,23,28,33
55,1,0,1,1,499,90,499,90,1,1,0,0,10,1,15,4,3,5,0,2,5,0,0,1,1,1,1,0,1,1,0,0,0,0,11,207,7,30.259352,141.263772,24,4,5,176,26,6,2019,8,53,13,31,50
20,0,0,0,1,513,514,513,514,1,1,0,0,3,1,43,3,5,9.13,0,1,1,0,0,8,1,1,1,1,1,1,0,0,0,0,0,109,10,-37.62181,-28.007135,31,1,2,50,26,6,2019,1,35,15,22,53
20,0,0,1,1,515,516,515,516,2,1,0,37,7,1,26,5,4,4,1,3,0,12,1,10,1,1,1,0,1,1,1,1,0,0,1,26,2,-31.990415,103.670181,11,4,2,41,26,6,2019,9,30,12,5,1
20,0,0,2,1,0,0,0,0,1,0,0,0,4,1,63,5,1,15,0,2,5,0,0,23,1,0,1,0,1,1,0,0,0,0,1,243,11,37.85901,-62.201645,5,7,3,186,26,6,2019,12,14,6,54,54
20,0,0,2,1,519,123,519,123,1,1,0,0,0,0,24,5,6,5.1,0,1,6,5,0,15,0,1,1,0,0,1,1,0,0,1,0,18,8,-10.370984,-94.380064,22,10,9,5,26,6,2019,17,21,12,58,35
20,0,0,2,1,520,521,520,521,1,1,0,15,9,1,6,5,6,4.1,0,1,6,18,0,10,1,1,1,0,1,1,0,1,0,1,1,28,2,28.096244,-110.650952,15,4,2,170,26,6,2019,12,56,9,34,0
20,0,0,1,1,523,524,523,524,2,1,0,0,53,2,67,1,2,3.6,1,1,2,3,1,9,1,0,0,0,1,0,1,0,0,1,1,71,4,-87.700665,7.026375,53,1,7,132,26,6,2019,6,26,20,41,55
2,0,0,2,1,539,385,539,385,2,1,0,0,8,4,15,5,4,4,1,3,0,11,0,19,0,1,1,0,1,1,0,0,0,1,1,88,7,3.977691,102.67343,27,0,8,173,26,6,2019,17,21,19,55,36
34,0,0,2,1,542,120,542,120,1,1,0,0,0,0,60,1,2,3.8,0,1,1,0,0,18,1,0,1,0,0,0,1,1,0,1,1,193,4,21.590176,54.585682,32,6,3,155,26,6,2019,15,24,23,14,25
17,0,0,0,1,0,0,0,0,1,0,0,0,78,2,38,4,3,9,0,1,6,19,0,14,1,1,1,0,1,0,1,0,1,1,0,161,7,-42.37367,-149.858436,31,5,9,59,26,6,2019,8,39,15,4,58
17,0,0,2,1,548,296,552,67,2,2,0,0,0,0,24,5,1,14,1,1,2,1,0,1,1,1,1,0,1,1,0,0,0,1,8,245,6,83.035991,-173.6678,C8,7,8,258,26,6,2019,15,47,18,19,36
17,0,0,0,1,550,551,550,551,1,1,0,0,34,2,66,5,6,5,1,1,2,1,0,22,0,1,1,0,1,1,0,0,0,0,0,201,6,-22.574114,-68.412277,C5,4,9,25,26,6,2019,5,6,4,28,47
17,0,0,1,1,553,554,553,554,1,1,0,0,5,4,47,4,3,7,0,2,5,0,0,20,1,0,0,0,1,1,1,0,0,0,0,10,10,73.309547,-70.332365,20,0,8,245,26,6,2019,10,2,20,24,47
17,0,0,2,1,555,556,555,556,3,1,0,0,67,2,6,5,6,4,0,1,6,20,3,11,0,1,1,0,0,0,0,0,0,1,1,118,4,-51.498641,33.443422,58,6,7,72,26,6,2019,17,21,4,24,49
17,0,0,0,1,558,559,558,559,1,1,0,0,27,2,15,4,3,5,0,1,6,20,0,21,1,0,1,0,1,0,1,0,0,0,0,133,9,27.004898,89.761687,6,5,3,168,26,6,2019,2,44,3,12,31
17,0,0,1,1,560,400,560,400,1,1,0,0,18,2,38,4,3,6,0,2,5,0,0,13,1,1,1,0,1,0,1,0,0,1,1,8,1,-69.514646,-2.4744,NT,3,6,95,26,6,2019,3,43,19,36,22
17,0,0,2,1,0,0,0,0,1,0,0,0,54,2,74,5,6,4.1,0,1,6,16,0,11,1,1,1,0,1,1,0,0,0,0,0,146,6,-17.116412,-113.833904,C7,1,8,14,26,6,2019,14,52,5,49,16
40,0,0,2,1,562,112,562,112,2,1,0,0,5,4,18,5,1,14,0,1,6,5,1,11,1,0,1,0,1,0,1,1,0,0,1,0,10,-60.24675,176.653961,25,1,5,87,26,6,2019,13,4,15,44,8
40,0,0,0,1,564,565,564,565,1,1,0,28,15,3,82,4,3,8,0,2,5,0,0,25,1,1,1,0,1,1,1,0,0,1,0,117,5,50.514513,143.490928,97,5,7,208,26,6,2019,5,31,8,39,5
40,0,0,0,1,566,567,570,83,2,2,0,0,29,2,62,1,2,3.8,0,1,1,0,0,12,1,0,1,0,1,1,0,0,0,1,23,57,4,-80.152864,-106.551144,31,6,2,121,26,6,2019,3,46,12,22,32
40,0,0,1,1,568,498,568,498,2,1,0,0,54,2,53,4,3,9,0,1,6,23,1,17,1,1,1,0,1,1,0,0,0,0,1,215,3,-7.027461,43.790988,10,4,9,96,26,6,2019,4,18,3,9,48
40,0,0,2,1,571,572,571,572,1,1,0,47,11,1,80,5,1,15,1,1,2,4,0,16,1,0,1,0,1,0,1,0,0,1,0,32,11,24.495483,38.652364,6,7,5,161,26,6,2019,17,21,2,53,28
46,0,0,0,1,577,578,577,578,2,1,0,24,20,3,9,1,2,3.8,1,1,2,4,1,23,1,1,1,0,1,0,1,0,0,1,1,187,6,9.396795,12.457396,X7,6,8,265,26,6,2019,6,4,19,8,36
46,0,0,0,1,580,581,580,581,1,1,0,0,0,0,52,5,1,15,1,1,2,3,0,19,1,1,1,0,1,1,1,0,0,0,0,12,10,-60.386184,68.047564,2,8,9,88,26,6,2019,4,1,5,31,22
33,0,0,0,1,582,583,582,583,1,1,0,0,59,2,82,3,5,9.83,0,1,1,0,0,9,1,0,1,0,0,0,0,0,0,1,0,80,3,41.442124,-59.513944,11,4,3,194,26,6,2019,3,10,12,53,36
33,0,0,2,1,584,585,593,594,3,3,0,0,7,1,6,4,3,8,0,2,5,0,0,22,1,0,1,0,0,1,0,0,0,0,21,159,12,-71.683086,71.417334,17,5,7,100,26,6,2019,13,12,5,3,3
33,0,0,0,1,586,587,586,587,1,1,0,33,7,1,42,5,6,4,0,1,6,16,0,9,1,1,1,1,1,1,0,0,0,1,0,96,11,-71.41294,-166.690515,14,8,6,99,26,6,2019,1,4,10,14,31
33,0,0,0,1,591,592,604,605,2,2,0,0,54,2,82,5,6,5,0,1,6,18,0,22,1,1,0,0,1,0,1,0,0,0,5,170,9,-37.699778,88.545339,10,10,8,51,26,6,2019,0,25,23,31,14
33,1,0,2,1,595,596,614,496,6,4,0,0,8,4,35,3,5,9.52,0,1,6,14,0,4,1,1,1,0,1,1,0,0,0,1,1,63,1,48.652076,-56.380938,QC,4,6,204,26,6,2019,17,21,9,19,5
33,0,0,1,1,597,234,597,234,1,1,0,0,54,2,8,5,6,4,1,1,2,2,0,5,1,0,1,1,1,0,0,0,0,1,0,142,3,-50.079586,-24.601589,13,7,3,71,26,6,2019,8,26,18,54,11
33,0,0,1,1,598,599,598,599,1,1,0,0,43,2,6,3,5,9.42,0,1,1,0,0,6,1,0,1,0,1,1,0,0,0,1,0,180,11,37.536644,99.375775,19,9,8,185,26,6,2019,2,0,2,13,7
33,0,0,1,1,606,545,606,545,1,1,0,5,7,1,82,5,6,5,1,1,2,2,0,17,1,0,1,0,1,1,1,0,0,1,0,105,4,82.778822,-142.328796,51,10,4,257,26,6,2019,7,39,6,34,16
33,0,0,1,1,607,608,607,608,1,1,0,0,54,2,4,5,1,14,1,1,2,2,0,2,1,1,1,0,1,1,1,0,0,1,0,50,1,50.602165,-120.071059,QC,5,5,209,26,6,2019,3,55,21,59,27
33,0,0,1,1,611,612,611,612,3,1,0,36,2,1,58,4,3,5,0,1,6,19,3,25,1,1,1,0,1,1,1,0,0,0,1,257,13,-7.769853,52.329325,GA,10,3,98,26,6,2019,5,7,10,21,7
21,0,0,2,1,638,639,638,639,1,1,0,0,24,2,73,5,1,15,0,1,6,18,0,21,1,0,1,0,1,0,0,1,0,0,0,235,2,-8.810383,125.528714,12,4,4,119,26,6,2019,17,21,13,11,30
21,0,0,0,1,0,0,0,0,1,0,0,0,8,4,19,3,5,8.13,0,1,6,16,0,8,1,0,0,0,1,0,1,0,0,1,1,164,11,-31.516209,59.287335,19,9,2,39,26,6,2019,11,16,11,9,30
5,0,0,2,1,699,218,699,218,1,1,0,0,5,4,8,1,2,3.8,0,1,6,20,0,10,1,0,1,0,1,0,1,1,0,0,0,160,2,-24.684584,153.641587,18,7,4,29,26,6,2019,15,3,16,27,25
5,0,0,2,1,700,701,700,701,2,1,0,42,2,1,6,5,4,3,1,3,0,13,0,5,1,0,1,1,1,1,0,0,0,1,0,78,1,-48.867086,157.380026,SK,9,2,70,26,6,2019,16,49,14,55,9
5,0,0,0,1,0,0,0,0,3,0,0,0,45,2,3,5,4,4,1,3,0,7,3,5,1,1,1,1,1,1,1,0,0,0,1,165,9,81.792905,31.635109,11,4,7,255,26,6,2019,0,53,9,44,37
5,0,0,2,1,0,608,707,608,4,1,0,0,6,4,26,1,2,9,1,1,2,4,3,1,1,0,1,0,1,0,0,0,1,1,1,129,11,-73.883923,-97.067766,13,1,4,105,26,6,2019,17,21,3,2,25
5,0,0,1,1,702,608,702,608,1,1,0,10,2,1,24,5,1,13,1,1,2,2,0,1,1,1,1,0,1,0,1,0,0,0,0,114,5,-14.802896,-172.509958,C1,9,5,12,26,6,2019,5,31,20,8,20
5,0,0,1,1,703,493,708,709,2,2,0,24,20,3,12,1,2,3.6,1,1,2,2,0,10,0,0,1,0,1,0,1,0,0,0,4,48,2,-24.015227,-152.962096,12,5,9,28,26,6,2019,2,51,1,34,23
5,0,0,1,1,0,0,0,0,1,0,0,0,5,4,26,3,5,9.76,0,1,6,19,0,12,1,1,1,0,1,1,0,0,0,1,0,91,1,-62.581557,-104.680614,ON,9,7,90,26,6,2019,1,38,9,3,50
5,0,0,1,1,704,705,704,705,3,1,0,0,36,2,40,5,1,13,0,1,6,23,3,5,1,0,1,1,0,0,1,0,0,1,1,112,10,-88.460468,-15.405431,22,7,7,133,26,6,2019,4,13,14,2,29
29,0,0,0,1,863,502,863,502,3,1,0,0,25,2,48,5,4,3,1,3,0,9,3,25,1,0,1,0,1,1,1,0,0,1,1,31,5,36.189903,-60.162585,A2,5,5,182,28,6,2019,5,45,22,4,4
29,0,0,1,1,865,866,865,866,1,1,0,0,44,2,15,5,1,14,0,1,1,0,0,18,1,1,1,0,1,0,0,0,0,1,0,132,2,22.780469,-144.861778,21,7,3,157,28,6,2019,11,56,2,48,33
29,0,0,1,1,867,868,867,868,3,1,0,0,54,2,37,5,1,13,1,1,2,2,3,11,1,1,1,0,1,1,0,0,0,1,1,36,5,-1.213157,68.169256,A3,10,7,4,28,6,2019,7,55,14,7,19
15,0,0,0,1,870,623,870,623,2,1,0,35,20,3,6,5,1,14,1,1,2,2,0,22,1,0,1,0,0,1,1,0,0,0,1,211,6,-42.758088,-78.502531,C9,1,2,61,28,6,2019,11,56,18,19,6
35,0,0,0,1,918,127,938,939,11,8,0,0,3,1,82,4,3,9,0,1,6,15,3,16,1,0,1,1,1,1,1,0,0,0,1,7,13,-23.850873,106.019666,KS,5,8,27,28,6,2019,11,56,18,9,50
35,0,0,0,1,920,138,920,138,2,1,0,0,56,2,18,5,4,4,1,3,0,12,1,10,1,0,1,1,0,1,0,0,0,0,1,51,2,22.171308,-31.851567,1,4,8,156,28,6,2019,8,53,8,30,7
35,0,0,1,1,921,823,921,823,1,1,0,24,20,3,55,3,5,9.78,0,1,6,23,0,17,1,1,1,0,1,1,1,0,0,1,1,181,5,-11.192827,146.676431,97,0,9,8,28,6,2019,10,41,18,39,52
35,0,0,0,1,927,502,927,502,2,1,0,44,3,1,82,5,4,4,1,3,0,6,0,17,1,0,1,0,1,1,0,0,0,1,0,104,1,-42.901224,-160.980394,MB,0,7,63,28,6,2019,3,8,7,1,6
35,0,0,1,1,930,931,930,931,1,1,0,0,3,1,6,1,2,8,0,1,1,0,0,17,1,0,1,0,1,1,0,0,1,1,0,23,8,-68.022296,-114.613665,39,5,3,93,28,6,2019,5,1,7,33,25
26,1,0,0,1,959,389,976,977,6,5,0,0,51,2,21,5,1,14,0,1,1,0,1,20,1,1,1,0,1,1,1,0,0,1,20,210,10,-31.59503,164.952058,17,9,9,40,28,6,2019,11,56,6,49,35
26,1,0,0,1,963,197,963,197,1,1,0,0,0,0,6,1,2,14,1,1,2,4,0,3,1,0,0,1,1,0,0,0,0,0,11,202,11,-78.634147,2.78157,20,8,8,116,28,6,2019,0,55,18,29,34
26,0,0,0,1,965,291,985,986,3,2,0,26,9,1,19,5,1,15,0,1,6,20,1,20,1,1,1,0,1,0,0,0,0,1,0,76,8,30.960948,-61.055852,18,10,5,177,28,6,2019,0,1,4,10,33
26,0,0,2,1,966,967,966,967,1,1,0,0,8,4,4,5,1,14,0,1,1,0,0,4,1,0,1,0,1,1,0,0,0,1,0,264,2,-55.080041,129.443424,23,7,2,79,28,6,2019,11,4,3,36,16
26,0,0,2,1,972,973,972,973,3,1,0,23,11,1,16,3,5,9.35,0,1,6,5,3,19,1,0,1,0,1,1,1,1,0,1,1,24,4,-0.189959,54.88046,51,8,3,0,28,6,2019,4,58,2,40,24
26,0,0,2,1,978,979,978,979,3,1,0,0,46,2,51,5,6,4.1,1,1,2,2,3,4,1,1,1,0,0,1,0,0,0,1,1,230,7,20.203021,69.604442,13,5,2,154,28,6,2019,5,39,16,22,13
26,0,0,2,1,981,982,981,982,1,1,0,28,15,3,33,4,3,7,0,1,6,5,0,21,0,1,1,0,1,1,0,0,0,0,0,139,3,-76.639021,136.170128,6,4,3,111,28,6,2019,11,56,11,41,58
26,0,0,2,1,0,0,0,0,1,0,0,28,15,3,0,0,7,0,0,0,4,21,1,21,0,1,1,0,1,1,0,0,0,0,0,139,3,-76.639021,136.170128,6,2,0,111,28,6,2019,11,56,11,41,58
26,0,0,2,1,0,79,1010,21,11,6,0,28,15,3,0,0,7,0,0,0,4,21,5,21,0,1,1,0,1,1,0,0,0,0,1,203,3,43.269492,-122.364137,4,4,2,199,28,6,2019,11,56,11,41,58
26,0,0,2,1,992,480,992,480,1,1,0,0,8,4,82,1,2,3.6,0,1,1,0,0,6,0,0,1,0,1,1,1,0,0,1,0,49,6,14.592184,-52.989613,C6,0,8,147,28,6,2019,9,25,8,51,9
26,0,0,2,1,993,994,998,999,2,2,0,0,40,2,17,5,1,14,0,1,1,0,0,16,1,0,1,0,1,1,0,0,0,1,0,131,13,34.42709,156.278927,VA,4,7,178,28,6,2019,6,43,4,36,29
26,0,0,2,1,995,996,995,996,1,1,0,45,3,1,38,3,5,9.88,0,1,1,0,0,21,1,0,1,0,1,0,0,0,0,1,1,265,7,-77.474468,-0.927851,15,7,3,114,28,6,2019,8,55,19,22,17
26,0,0,2,1,1008,1009,1008,1009,1,1,0,0,4,1,29,5,1,14,0,1,6,18,0,12,0,1,1,0,1,1,0,0,0,1,0,6,10,61.817394,-11.458857,4,1,6,229,28,6,2019,2,22,9,42,22
23,0,0,0,1,1011,533,1011,533,1,1,0,0,53,2,19,5,1,14,0,1,6,20,0,6,1,1,1,1,1,1,1,0,0,1,0,29,3,29.383766,68.507221,10,10,7,171,28,6,2019,11,56,12,13,10
24,0,0,0,1,1012,123,1015,1016,5,3,0,0,0,0,35,1,2,3.6,1,1,2,2,3,7,1,1,1,1,1,1,1,0,0,1,22,16,4,40.440613,-135.21303,27,7,9,192,28,6,2019,11,56,1,34,19
6,0,0,0,1,1019,425,1419,1420,4,4,0,0,6,4,18,3,5,8.92,0,1,1,0,0,13,1,0,0,0,1,1,0,0,0,0,0,151,6,76.569032,-113.622631,K2,9,6,250,28,6,2019,11,42,2,0,41
6,0,0,0,1,1021,1022,1021,1022,1,1,0,0,19,2,2,4,3,7,0,1,6,22,0,25,1,0,1,1,1,0,0,0,0,0,0,168,4,66.527008,-157.089311,27,6,9,237,28,6,2019,9,8,16,5,8
11,0,0,0,1,0,0,0,0,1,0,0,0,6,4,82,5,1,13,1,1,2,2,0,13,1,1,1,0,1,1,1,0,0,0,1,231,11,50.072555,-71.949335,2,10,4,207,28,6,2019,11,56,16,53,20
50,0,0,1,2,1049,1050,1054,0,4,2,1,0,50,2,45,5,1,14,0,1,6,18,3,14,1,0,1,0,0,0,0,0,0,1,1,128,13,-72.935674,-110.937337,MS,7,4,102,28,6,2019,5,17,4,20,4
50,0,0,1,2,1055,1032,1066,0,4,4,2,0,38,2,83,5,1,15,0,1,6,18,0,14,0,1,1,0,1,0,0,0,0,1,17,149,11,51.83207,109.724304,16,7,5,218,28,6,2019,1,59,16,13,34
50,1,0,1,2,1060,1061,1112,1113,15,12,4,37,3,1,82,5,1,15,1,1,2,3,3,1,1,1,0,0,1,1,0,1,0,1,1,68,8,45.600321,-77.136717,11,6,3,202,28,6,2019,12,29,15,21,57
50,0,0,1,2,1068,1069,434,0,3,2,1,32,7,1,57,1,2,3.6,0,1,1,0,1,18,1,0,1,0,1,0,1,1,0,1,1,64,11,-57.51931,-17.934289,16,3,9,81,28,6,2019,6,39,7,12,2
22,1,0,1,2,1074,394,1048,0,2,2,1,0,76,2,18,5,1,14,0,1,6,14,0,20,1,0,1,0,1,1,0,0,0,1,1,58,4,-0.392112,-96.630077,54,9,4,1,28,6,2019,12,29,23,31,5
22,0,0,1,2,1078,1079,1082,0,5,2,1,0,5,4,47,4,3,9,0,1,6,19,4,12,1,1,1,0,1,0,0,0,0,1,1,156,2,78.375867,-87.952776,11,8,7,252,28,6,2019,10,41,3,41,10
7,0,0,1,2,1085,1086,1146,498,13,10,1,0,8,4,19,5,1,14,0,1,6,5,1,13,0,1,1,0,1,1,0,0,0,1,1,82,4,25.594675,56.537895,7,4,2,164,28,6,2019,12,29,18,20,39
7,0,0,1,2,0,0,0,0,4,0,0,0,23,2,7,1,2,14,0,1,6,16,3,8,1,1,1,0,1,1,1,0,0,1,0,126,11,-44.240723,-100.209568,8,1,4,64,28,6,2019,4,25,18,39,45
50,0,0,1,2,1099,1100,1099,1100,1,1,0,0,28,2,82,5,6,5,0,1,6,23,0,5,1,0,1,0,1,1,0,0,0,0,0,102,13,37.911364,176.542619,NV,10,2,187,28,6,2019,4,31,12,25,46
50,0,0,1,2,1102,574,1102,574,1,1,0,0,53,2,19,3,5,9.99,0,1,6,17,0,11,0,0,1,0,1,1,0,0,0,1,0,227,6,-20.224249,-48.263276,K6,1,2,21,28,6,2019,0,8,9,43,22
7,0,0,1,2,0,0,0,0,1,0,0,0,8,4,70,1,2,3.6,1,1,2,1,0,22,1,1,1,1,1,1,0,0,0,1,0,34,5,-33.988064,-160.390573,B1,4,6,46,28,6,2019,6,40,14,3,48
7,0,0,1,2,1115,1116,1136,1137,2,2,0,0,5,4,61,5,1,15,0,1,1,0,0,2,1,1,1,0,1,1,1,0,0,1,0,95,10,-2.571305,-31.428202,21,8,4,20,28,6,2019,0,55,7,51,44
50,0,0,1,2,1117,269,1117,269,1,1,0,0,10,1,28,5,1,14,0,1,6,18,0,11,1,0,1,0,1,1,0,0,0,1,0,260,10,60.993633,-80.659959,8,6,6,228,28,6,2019,10,13,20,38,10
7,0,0,1,2,1118,1119,1124,1125,2,2,0,0,69,2,81,1,2,15,0,1,1,0,0,14,1,1,1,0,1,1,1,1,0,0,0,216,10,51.178767,-82.042946,30,7,8,213,28,6,2019,2,22,20,27,25
7,0,0,1,2,1128,201,1128,201,3,1,0,19,9,1,19,4,3,6,0,1,6,18,3,22,1,0,1,0,1,1,1,0,0,1,1,69,2,-4.006528,-123.577292,11,3,8,55,28,6,2019,2,56,4,34,7
7,0,0,1,2,1131,516,1131,516,1,1,0,0,8,4,18,3,5,9.39,0,1,1,0,0,2,0,0,1,0,1,1,0,0,0,1,0,162,13,30.155961,12.344462,AZ,1,5,174,28,6,2019,7,51,20,2,45
43,0,0,1,2,1196,1197,1196,1197,1,1,0,0,33,2,48,4,3,7,0,1,6,17,0,7,1,0,1,0,0,1,1,0,0,1,0,176,8,-89.324506,-104.30525,37,8,5,135,28,6,2019,12,29,3,9,0
42,1,0,1,2,1214,306,1251,642,6,5,0,0,11,1,84,5,1,14,0,1,6,20,1,24,1,1,1,0,1,1,1,0,0,1,1,217,5,36.873225,-58.532891,99,4,9,183,28,6,2019,12,29,13,56,22
42,0,0,1,2,1218,223,1218,223,1,1,0,0,5,4,39,5,6,4,0,1,6,23,0,24,1,0,1,0,1,1,0,0,0,1,0,186,9,-35.166303,9.284867,10,10,8,47,28,6,2019,3,45,15,47,54
42,0,0,1,2,1219,1220,1219,1220,1,1,0,0,5,4,32,5,1,13,0,1,1,0,0,8,1,0,1,1,0,1,0,0,0,1,0,251,9,85.957458,-72.423434,12,6,8,263,28,6,2019,7,17,23,50,47
42,0,0,1,2,1225,1226,1225,1226,2,1,0,0,9,1,33,4,3,8,0,1,6,14,1,16,1,0,1,0,0,1,1,0,0,1,1,188,1,-77.148545,-92.638693,BC,7,3,113,28,6,2019,8,7,22,20,0
42,0,0,1,2,1231,151,1231,151,2,1,0,0,8,4,67,1,2,3.8,1,1,2,2,1,25,1,0,0,0,1,0,0,0,0,1,1,111,5,-83.788271,70.897052,A9,0,3,125,28,6,2019,0,52,13,25,31
42,0,0,1,2,1234,1235,1234,1235,1,1,0,35,20,3,56,1,2,14,0,1,1,0,0,21,1,0,1,0,1,0,0,1,0,1,0,173,1,64.079211,8.244718,ON,4,6,232,28,6,2019,12,29,0,17,11
42,0,0,1,2,0,979,1244,979,2,1,0,35,20,3,82,5,4,4,1,3,0,9,0,11,1,1,1,0,1,1,0,0,0,1,16,183,3,73.851638,176.49158,5,3,6,246,28,6,2019,0,12,5,18,54
42,0,0,1,2,0,0,0,0,1,0,0,0,4,1,82,1,2,10,1,1,2,4,0,20,1,0,1,0,1,1,1,0,0,0,0,2,2,35.88642,-95.042015,20,7,9,181,28,6,2019,2,21,23,14,33
19,0,0,1,2,1257,120,1257,120,1,1,0,0,9,1,41,5,1,13,0,1,6,23,0,14,1,0,1,0,1,1,0,0,0,1,0,101,8,-29.370678,-130.647668,16,1,6,34,28,6,2019,4,23,12,46,9
19,0,0,1,2,1259,361,1267,1180,5,3,0,0,0,0,84,5,1,14,0,1,1,0,3,4,1,0,1,0,1,1,0,0,0,0,1,182,7,83.275173,-20.678191,3,8,9,259,28,6,2019,12,29,0,44,27
49,0,0,1,2,1277,118,1299,328,6,3,0,12,7,1,85,1,2,10,0,1,1,0,0,19,1,1,1,0,1,1,1,0,0,1,1,226,13,-85.045625,-85.141979,VI,7,7,128,28,6,2019,12,29,23,19,59
49,0,0,1,2,1278,621,1278,621,1,1,0,0,72,2,70,5,6,5,0,1,6,5,0,11,1,0,1,0,1,0,0,1,0,0,1,220,9,-82.766963,-129.782794,4,9,2,123,28,6,2019,9,16,1,4,27
49,0,0,1,2,1280,1281,1280,1281,1,1,0,0,5,4,18,3,5,9.17,0,1,6,23,0,6,1,0,1,0,1,1,0,0,1,0,0,163,11,56.613194,32.538707,4,8,3,223,28,6,2019,4,12,13,9,19
49,0,0,1,2,0,0,0,0,2,0,0,0,14,2,82,5,1,14,0,1,1,0,1,20,1,1,1,0,1,0,1,0,0,1,1,224,9,-66.420392,-18.073995,14,1,8,91,28,6,2019,11,13,3,46,18
49,0,0,1,2,1283,1284,1285,1286,2,2,0,0,3,1,69,1,2,4,0,1,6,23,0,22,1,1,1,0,1,1,0,0,0,0,0,73,4,-74.848066,-73.41082,60,3,2,108,28,6,2019,6,46,18,39,11
49,0,0,1,2,1288,314,1288,314,1,1,0,0,0,0,3,5,1,15,1,1,2,1,0,16,1,1,1,0,1,1,0,0,0,0,0,228,1,-81.066811,-18.301052,ON,8,8,122,28,6,2019,5,55,20,39,56
49,0,0,1,2,1291,1022,1291,1022,1,1,0,0,3,1,54,5,6,5,1,1,2,3,0,1,1,1,1,0,1,1,1,1,0,1,0,74,7,82.286754,-150.570035,6,9,9,256,28,6,2019,7,54,15,13,7
49,0,0,1,2,1294,893,1294,893,2,1,0,0,5,4,18,1,2,3.8,0,1,6,18,1,14,1,1,1,0,1,1,0,0,0,0,1,85,1,-10.551795,64.675979,NT,3,4,7,28,6,2019,0,6,13,20,55
49,0,0,1,2,1301,686,1301,686,1,1,0,30,7,1,30,3,5,8.19,0,1,6,17,0,6,1,0,0,0,1,1,0,0,0,0,0,93,3,24.860581,-108.838735,11,0,5,162,28,6,2019,1,12,18,17,8
4,0,0,1,2,1410,1132,1410,1132,2,1,0,9,3,1,13,5,4,3,1,3,0,12,1,2,1,1,0,0,1,1,1,0,0,1,1,179,1,-25.372057,173.371881,PE,5,7,30,28,6,2019,5,16,1,7,48
4,0,0,1,2,1413,1414,1413,1414,1,1,0,0,49,2,6,5,6,4.1,1,1,2,4,0,16,1,1,1,0,0,1,0,0,0,0,0,56,12,-48.081777,-75.661679,65,4,8,69,28,6,2019,8,30,1,1,50
4,0,0,1,2,1415,1362,1418,1284,2,2,0,0,0,0,63,4,3,6,0,1,6,14,0,10,1,0,1,0,1,1,1,0,0,0,1,122,4,62.40762,82.289789,39,1,7,230,28,6,2019,12,29,6,39,8
4,0,0,1,2,1416,1417,1416,1417,1,1,0,0,11,1,63,3,5,8.16,0,1,1,0,0,11,1,1,0,0,1,0,0,0,0,1,0,199,7,-56.88152,117.696224,18,1,7,80,28,6,2019,3,40,18,24,21
6,0,0,1,2,1421,1422,1421,1422,1,1,0,0,8,4,80,5,1,15,1,1,2,1,0,13,1,1,1,0,1,0,0,0,0,1,0,155,9,67.108488,118.272468,20,9,2,238,28,6,2019,8,24,16,56,36
6,0,0,1,2,1423,83,1425,1426,6,3,0,0,0,0,69,5,1,13,0,2,5,0,3,2,1,0,1,0,1,0,0,1,0,0,1,178,13,55.597813,-90.792347,OR,10,5,222,28,6,2019,12,29,17,50,9
30,0,0,1,2,1427,228,1427,228,1,1,0,35,20,3,51,3,5,8.1,0,1,1,0,0,17,1,0,1,0,1,1,0,0,0,0,0,30,13,54.623352,-44.201775,TN,0,2,221,28,6,2019,0,13,7,51,36
30,0,0,1,2,0,0,0,0,3,0,0,0,11,1,75,5,1,14,0,1,6,5,3,24,1,0,1,0,1,1,1,0,0,1,1,196,5,8.041625,26.48877,98,0,3,254,28,6,2019,12,29,19,23,52
30,1,0,1,2,1428,1281,1428,1281,1,1,0,0,54,2,64,4,3,7,0,1,6,19,0,7,1,0,1,0,1,1,1,0,1,1,11,99,5,48.880826,162.111728,A8,4,3,205,28,6,2019,1,31,19,27,21
54,0,0,1,2,0,0,0,0,1,0,0,46,7,1,6,5,1,15,0,1,1,0,0,9,1,1,1,0,1,1,0,0,0,1,0,47,3,83.31226,116.814254,7,5,9,260,28,6,2019,1,10,6,53,54
54,0,0,1,2,1485,332,1485,332,1,1,0,0,0,0,18,3,5,8.4,0,1,1,0,0,13,1,0,1,1,1,1,1,0,0,1,0,25,1,-66.669497,151.039469,QC,8,6,92,28,6,2019,2,44,9,15,48
28,1,0,1,2,1492,785,1517,1518,20,10,0,22,2,1,68,5,6,4.1,1,1,2,1,7,20,1,0,0,0,1,0,0,0,0,1,1,221,13,-80.070441,60.602414,WY,3,7,120,28,6,2019,12,29,5,28,47
28,1,0,1,2,0,0,0,0,1,0,0,0,54,2,24,3,5,8.43,0,1,1,0,0,21,1,1,1,1,0,1,0,0,0,1,11,60,3,1.979283,-29.772207,1,9,5,140,28,6,2019,4,28,11,46,59
28,0,0,1,2,0,418,1507,567,3,2,0,0,4,1,26,5,1,14,0,1,1,0,0,12,1,0,1,0,1,1,0,0,0,1,9,229,4,-62.35306,97.788843,34,6,8,89,28,6,2019,2,10,16,34,39
28,0,0,2,2,1495,1119,1495,1119,3,1,0,7,2,1,82,5,1,13,1,1,2,3,3,4,1,0,1,0,1,1,1,0,0,1,1,234,9,37.004861,-75.397034,12,3,9,184,28,6,2019,5,55,16,40,51
28,0,0,1,2,1500,565,1500,565,1,1,0,28,15,3,14,4,3,9,0,2,5,0,0,14,1,0,1,0,1,1,1,0,1,1,0,197,8,-79.207849,59.393031,12,3,3,117,28,6,2019,1,24,5,38,38
28,0,0,2,2,1501,1185,1501,1185,1,1,0,40,9,1,76,5,1,15,0,1,1,0,0,10,1,1,1,0,1,1,1,0,0,0,0,239,5,-22.384424,-130.355434,B1,1,8,24,28,6,2019,9,27,17,48,26
28,0,0,2,2,1502,545,1502,545,1,1,0,0,8,4,27,1,2,10,0,1,1,0,0,18,1,0,1,0,1,1,0,0,0,1,0,158,2,-35.253715,49.919022,18,6,4,48,28,6,2019,11,41,9,59,31
28,0,0,1,2,1503,431,1503,431,1,1,0,0,7,1,2,5,6,4.1,0,1,6,17,0,4,1,1,1,0,0,1,0,1,0,1,0,241,2,-19.854259,-171.603562,5,10,5,17,28,6,2019,0,14,15,25,38
28,0,0,1,2,1511,164,1511,164,2,1,0,0,32,2,37,1,2,3.8,0,1,6,14,1,23,1,0,1,0,1,1,1,0,0,1,1,174,5,-69.20615,31.619953,B3,3,7,94,28,6,2019,3,19,6,12,18
10,0,0,1,2,1520,1521,1539,1540,12,8,0,0,10,1,18,5,6,4,0,1,6,16,4,24,1,0,1,0,1,1,0,0,0,1,1,249,6,-31.441295,12.318851,V6,8,8,38,28,6,2019,12,29,17,36,14
10,0,0,1,2,0,0,0,0,1,0,0,0,71,2,56,1,2,15,0,1,1,0,0,2,0,1,1,0,1,1,0,0,0,1,0,89,7,43.169975,96.008898,13,9,5,198,28,6,2019,6,0,15,16,59
10,0,0,1,2,1523,1524,1523,1524,2,1,0,0,62,2,65,3,5,8.64,0,1,6,20,1,3,1,1,1,0,1,0,0,0,0,0,1,263,10,-33.613847,80.548316,5,0,8,44,28,6,2019,4,37,14,32,14
10,0,0,1,2,1526,1071,1526,1071,1,1,0,27,11,1,6,5,1,15,0,1,6,22,0,7,1,0,1,0,1,1,1,0,0,1,1,35,8,35.770326,-10.92388,3,8,2,180,28,6,2019,3,33,21,5,9
10,0,0,1,2,1528,764,1528,764,1,1,0,0,37,2,24,5,1,14,0,1,1,0,0,14,0,0,1,1,1,0,0,1,0,0,0,46,12,25.559381,-49.754899,19,10,7,163,28,6,2019,5,7,16,43,1
10,0,0,1,2,1529,829,1529,829,1,1,0,13,7,1,15,4,3,8,0,1,6,14,0,4,1,1,1,0,0,0,1,0,0,0,0,223,8,54.601938,-76.690521,14,10,7,220,28,6,2019,2,4,21,29,38
10,0,0,1,2,1530,389,1530,389,1,1,0,0,5,4,82,4,3,8,0,1,6,23,0,19,1,0,1,0,1,1,0,0,0,1,0,37,7,-36.632968,-156.377571,6,0,8,49,28,6,2019,10,7,16,10,26
10,0,0,1,2,0,0,0,0,1,0,0,0,41,2,19,4,3,6,0,1,6,17,0,17,1,0,1,0,0,0,0,0,0,1,0,54,7,-39.74718,-122.873126,30,9,7,54,28,6,2019,1,31,20,31,34
10,0,0,1,2,1538,67,1538,67,1,1,0,0,5,4,38,4,3,8,0,1,6,5,0,6,1,0,1,0,0,0,0,0,0,0,1,185,12,-17.451593,-174.546953,24,7,3,15,28,6,2019,7,20,6,17,0
13,0,0,1,2,1594,231,1594,231,1,1,0,0,0,0,39,4,3,8,0,1,6,19,0,3,0,1,0,0,1,1,0,0,0,1,0,246,3,-75.191159,-74.985936,9,1,2,110,28,6,2019,12,29,8,12,37
14,0,0,0,1,929,930,931,\N,2,2,1,2,64,2,64,5,1,13,1,1,2,4,0,6,1,1,1,0,1,1,0,0,0,1,1,143,2,-88.478874,139.528951,29,9,9,134,28,6,2019,8,9,6,54,56
14,0,0,1,1,0,\N,948,\N,2,1,1,2,57,2,18,3,5,9.38,0,1,1,0,0,13,1,0,1,0,1,0,0,1,0,1,1,184,10,19.93358,-102.912683,4,5,7,153,28,6,2019,9,40,3,0,21
14,0,0,1,1,0,964,965,\N,4,3,2,0,5,4,50,5,4,4,1,3,0,10,0,17,0,0,1,1,1,1,0,0,0,1,1,212,11,-54.464078,-175.184,11,10,7,76,28,6,2019,11,43,7,30,3
14,0,0,0,1,950,951,959,\N,5,2,1,2,63,2,40,3,5,9.38,0,2,5,0,4,23,1,1,1,0,1,1,1,0,0,0,1,100,1,-54.71569,163.975729,PE,4,3,78,28,6,2019,7,6,10,13,8
14,0,0,0,1,960,961,962,\N,2,2,1,16,9,1,18,4,3,8,0,1,6,5,0,14,1,1,1,0,1,1,1,0,0,1,1,33,5,64.713661,30.39142,B1,1,2,233,28,6,2019,6,23,2,16,7
14,0,0,0,1,966,967,970,\N,3,2,1,24,20,3,18,3,5,8.85,0,1,1,0,1,9,1,0,1,0,1,1,0,0,0,0,1,92,3,26.85193,98.744473,12,7,9,167,28,6,2019,2,8,0,24,53
16,0,0,0,1,971,972,974,\N,3,2,1,0,6,4,18,3,5,9.84,0,1,1,0,1,24,1,0,0,0,1,0,0,0,0,1,1,190,1,-38.734237,108.652394,NU,10,3,53,28,6,2019,6,55,11,34,34
16,0,0,1,1,975,976,977,\N,2,2,1,2,66,2,60,5,4,4,1,3,0,7,0,22,1,0,1,0,1,1,0,1,0,1,1,144,6,70.805265,-164.404299,B5,0,6,241,28,6,2019,11,43,14,3,26
48,0,0,0,1,993,994,1000,1001,4,3,0,28,15,3,22,5,1,15,0,1,1,0,0,15,0,0,1,0,1,1,0,0,0,0,1,77,11,-86.035337,-28.051964,22,1,8,129,28,6,2019,11,43,17,57,50
27,0,0,0,1,1003,1004,1035,1036,10,7,0,2,60,2,82,5,6,5,1,1,2,1,4,24,1,0,1,1,1,0,1,0,0,1,1,84,13,84.641344,-152.83178,LA,1,9,261,28,6,2019,11,43,21,52,57
27,0,0,0,1,1006,1007,1006,1007,2,1,0,35,20,3,78,5,6,5,0,1,6,20,1,10,1,1,1,0,1,1,1,0,0,0,1,44,6,18.907334,-52.540925,H5,9,5,152,28,6,2019,2,30,10,11,50
27,0,0,1,1,1011,1012,1011,1012,1,1,0,0,5,4,8,1,2,3.6,1,1,2,3,0,1,1,1,1,0,1,1,0,0,0,0,1,5,8,-14.638526,-53.520533,10,8,9,10,28,6,2019,9,56,11,41,7
27,0,0,0,1,1014,1015,1014,1015,1,1,0,2,55,2,10,5,4,3,1,3,0,7,0,13,0,0,1,0,1,1,1,0,0,0,0,256,9,16.111691,23.065027,16,5,8,148,28,6,2019,0,47,5,0,48
27,0,0,1,1,1016,1017,1016,1017,1,1,0,2,54,2,82,1,2,14,0,1,6,20,0,19,1,0,1,0,0,0,1,0,0,0,1,233,6,13.546769,-65.246492,M3,10,9,145,28,6,2019,3,38,14,14,50
27,0,0,1,1,0,\N,0,0,1,0,0,2,65,2,79,5,1,13,1,1,2,3,0,11,1,0,0,0,1,1,0,0,0,1,0,140,12,-25.728414,151.617395,39,5,3,32,28,6,2019,7,12,1,41,17
27,0,0,1,1,1026,1027,1026,1027,3,1,0,2,12,0,24,5,1,14,0,1,6,16,3,3,1,0,0,0,0,1,1,0,0,0,1,252,2,6.880375,126.057622,15,0,6,226,28,6,2019,5,49,18,54,57
27,0,0,1,1,1031,1032,1031,1032,1,1,0,0,5,4,6,4,3,8,0,2,5,0,0,11,1,1,1,0,1,1,0,0,0,0,0,41,6,65.644011,5.888921,O5,4,2,234,28,6,2019,10,55,18,4,53
27,0,0,1,1,1033,1034,1033,1034,1,1,0,0,8,4,82,3,5,9.16,0,1,6,19,0,15,1,0,1,0,1,1,0,0,0,1,0,254,12,-4.40659,163.058201,55,5,9,56,28,6,2019,5,8,1,8,42
51,0,0,0,1,1044,1045,1044,1045,1,1,0,2,12,0,35,3,5,9.19,0,1,6,14,0,12,1,0,1,0,1,1,1,0,0,1,0,154,1,88.445371,37.278353,BC,0,3,264,28,6,2019,4,59,15,22,0
51,0,0,1,1,1046,1047,1046,1047,2,1,0,2,11,1,72,5,6,5,0,1,6,22,1,17,1,0,1,0,0,1,0,1,0,1,1,62,12,-7.62827,176.453569,12,9,7,97,28,6,2019,6,46,20,50,26
51,0,0,1,1,0,1051,1054,1055,5,3,0,16,2,1,15,5,4,4,1,3,0,13,1,18,1,1,1,0,1,1,0,0,0,1,1,27,1,51.27674,100.090664,ON,0,7,214,28,6,2019,11,43,9,45,15
36,0,0,0,1,1081,1082,1095,1096,2,2,0,0,6,4,15,4,3,9,0,1,6,18,0,3,0,1,1,0,1,1,1,1,0,1,0,258,5,-3.208514,70.707554,B8,5,7,35,28,6,2019,4,26,13,4,22
36,0,0,1,1,0,1088,1117,1118,11,7,0,2,53,2,6,5,6,4,0,1,6,17,3,3,0,0,1,0,1,0,0,0,0,1,10,147,1,-23.585804,-132.409949,MB,1,5,26,28,6,2019,11,43,6,9,17
36,0,0,1,1,1083,1084,1083,1084,1,1,0,0,8,4,24,4,3,8,0,2,5,0,0,16,1,0,1,0,1,1,0,1,0,0,0,123,8,76.172244,-30.252155,28,3,3,248,28,6,2019,7,13,10,41,31
36,0,0,0,1,1085,1086,1097,1078,2,2,0,2,16,2,15,5,4,3,1,3,0,11,0,12,1,1,0,0,0,1,0,0,0,1,19,83,11,-1.177774,136.228311,6,5,4,3,28,6,2019,1,54,19,9,6
36,0,0,1,1,1089,1090,1104,1105,3,3,0,2,53,2,82,4,3,9,0,1,6,23,0,19,0,0,1,1,1,1,0,0,1,0,12,45,9,-57.811549,130.930942,2,8,7,82,28,6,2019,10,47,6,55,4
36,0,0,1,1,1091,1092,1091,1092,1,1,0,28,15,3,80,5,1,14,0,1,1,0,0,17,1,1,1,0,1,1,1,0,0,0,0,106,10,62.626161,164.846547,18,5,4,231,28,6,2019,11,43,5,3,37
36,0,0,1,1,1093,1094,1093,1094,1,1,0,2,52,2,18,5,6,5,1,1,2,3,0,23,1,1,0,0,0,0,0,0,0,0,0,72,10,18.688367,162.577776,21,4,4,151,28,6,2019,8,0,11,36,37
36,0,0,1,1,1109,1110,1109,1110,1,1,0,2,21,2,49,5,1,15,1,1,2,2,0,21,1,1,1,0,0,1,0,0,0,1,0,200,2,66.19985,-10.576729,21,10,2,236,28,6,2019,9,19,9,38,12
36,0,0,1,1,1113,1114,1113,1114,1,1,0,2,54,2,38,5,6,4,0,1,6,16,0,4,1,1,0,0,1,1,0,0,0,1,0,81,7,-45.348051,42.338797,18,0,8,66,28,6,2019,3,39,16,31,29
36,0,0,0,1,1119,1120,1123,1124,3,2,0,2,11,1,24,5,6,5,0,1,6,17,0,15,1,1,1,0,1,1,0,1,0,0,0,134,7,-58.74723,144.158758,26,8,7,83,28,6,2019,0,12,15,49,35
37,0,0,0,1,1145,1146,1186,1187,12,7,0,2,53,2,61,3,5,8.39,0,1,1,0,5,10,1,1,1,0,1,1,0,0,0,1,1,15,10,38.618417,176.512043,3,8,9,188,28,6,2019,11,43,6,44,4
37,0,0,0,1,0,1153,1178,1179,4,3,0,46,7,1,82,1,2,3.8,0,1,1,0,0,11,1,0,1,0,0,0,0,0,0,0,2,13,11,-31.154383,100.549548,6,1,4,36,28,6,2019,1,26,10,32,59
37,0,0,1,1,1149,1150,1151,1010,2,2,0,2,30,2,19,5,1,14,0,1,1,0,0,10,1,0,1,0,1,1,1,0,0,0,13,9,11,71.742184,-168.926882,3,4,3,242,28,6,2019,8,13,1,51,55
0,0,1,1,1158,1159,1158,1159,1,1,0,cupiditate,1,1,5,1,2,0,0,2,0,3,0,2,0,0,0,0,1,1,0,0,0,0,0,25,267,0,133.709819,9,gender,12,1,146,28,6,2019,5,3,0,,
37,0,0,1,1,1162,1163,1162,1163,1,1,0,38,9,1,48,3,5,9.96,0,1,6,15,0,8,0,0,1,0,1,0,0,0,0,1,1,137,3,-46.816868,-51.35145,5,9,8,67,28,6,2019,3,43,10,23,33
37,0,0,1,1,1167,1168,1167,1168,1,1,0,28,15,3,24,1,2,8,1,1,2,4,0,12,1,1,1,0,1,1,1,1,0,0,0,150,3,-1.108906,-23.559355,16,1,5,2,28,6,2019,11,33,0,45,52
37,0,0,1,1,0,\N,0,0,0,0,0,28,15,3,0,0,7,0,0,0,4,21,0,12,1,1,1,0,1,1,1,1,0,0,0,150,3,-1.108906,-23.559355,16,11,1,2,28,6,2019,11,33,0,45,52
37,0,0,1,1,0,\N,0,0,0,0,0,28,15,3,0,0,7,0,0,0,4,21,0,12,1,1,1,0,1,1,1,1,0,0,0,150,3,-1.108906,-23.559355,16,11,1,2,28,6,2019,11,33,0,45,52
37,0,0,1,1,0,\N,0,0,0,0,0,28,15,3,0,0,7,0,0,0,4,21,0,12,1,1,1,0,1,1,1,1,0,0,0,150,3,-1.108906,-23.559355,16,11,1,2,28,6,2019,11,33,0,45,52
37,0,0,1,1,0,\N,0,0,0,0,0,28,15,3,0,0,7,0,0,0,4,21,0,12,1,1,1,0,1,1,1,1,0,0,0,150,3,-1.108906,-23.559355,16,11,1,2,28,6,2019,11,33,0,45,52
37,0,0,1,1,0,\N,0,0,0,0,0,28,15,3,0,0,7,0,0,0,4,21,0,12,1,1,1,0,1,1,1,1,0,0,0,150,3,-1.108906,-23.559355,16,11,1,2,28,6,2019,11,33,0,45,52
37,0,0,1,1,0,\N,0,0,0,0,0,28,15,3,0,0,7,0,0,0,4,21,0,12,1,1,1,0,1,1,1,1,0,0,0,150,3,-1.108906,-23.559355,16,11,1,2,28,6,2019,11,33,0,45,52
37,0,0,1,1,0,\N,0,0,1,0,0,28,15,3,0,0,7,0,0,0,4,21,1,12,1,1,1,0,1,1,1,1,0,0,0,150,3,-1.108906,-23.559355,16,11,1,2,28,6,2019,11,33,0,45,52
37,0,0,1,1,0,\N,0,0,1,0,0,31,7,1,26,4,3,9,0,1,6,17,0,7,1,1,1,0,1,0,1,0,0,0,0,38,2,1.306935,92.628147,32,8,6,139,28,6,2019,10,41,12,34,34
37,0,0,1,1,1171,1172,1171,1172,1,1,0,24,20,3,19,5,4,4,1,3,0,6,0,5,1,0,1,0,1,1,0,0,0,1,0,157,8,17.989999,-101.686982,36,0,7,150,28,6,2019,5,23,14,24,49
37,0,0,1,1,0,\N,0,0,1,0,0,24,20,3,63,3,5,9.69,0,1,1,0,0,23,1,1,1,0,1,0,0,0,0,1,0,175,12,56.781284,117.848054,37,10,6,224,28,6,2019,11,43,16,15,31
37,0,0,1,1,1174,1175,1174,1175,1,1,0,0,5,4,20,5,1,14,0,1,6,18,0,8,1,0,1,0,1,1,0,0,0,0,0,20,11,-37.949642,-148.279437,11,6,2,52,28,6,2019,8,49,18,38,7
37,0,0,1,1,1180,1181,1180,1181,1,1,0,28,15,3,44,4,3,9,0,1,6,17,0,18,1,1,1,0,1,1,0,0,0,1,0,198,6,26.371401,173.608058,X1,6,9,166,28,6,2019,11,43,1,6,7
37,0,0,1,1,0,\N,0,0,1,0,0,28,15,3,38,4,3,5,0,1,6,15,0,7,1,1,1,0,0,0,0,0,0,1,0,22,8,51.331832,-30.009794,13,0,2,215,28,6,2019,11,43,15,59,26
37,0,0,1,1,1184,1185,1184,1185,1,1,0,16,9,1,6,1,2,3.8,1,1,2,2,0,23,1,0,1,0,1,1,0,0,0,0,0,222,12,-51.979357,-50.682422,87,3,2,74,28,6,2019,6,57,1,54,24
52,0,0,0,1,0,\N,0,0,1,0,0,2,39,2,63,5,1,15,0,1,1,0,0,19,1,0,1,0,1,1,0,1,0,1,0,53,11,-59.088541,-175.812544,8,1,5,85,28,6,2019,1,21,14,21,12
1,0,0,0,1,1190,1191,1194,984,3,2,0,2,61,2,59,1,2,3.8,0,1,1,0,1,23,1,1,1,0,0,0,0,0,0,1,1,194,8,16.492669,-18.508236,9,5,2,149,28,6,2019,11,43,20,11,22
1,0,0,0,1,0,\N,0,0,1,0,0,11,7,1,73,4,3,8,0,2,5,0,0,7,1,0,1,0,1,1,0,0,0,1,0,11,12,-33.155338,-179.786285,81,7,4,42,28,6,2019,4,10,8,37,16
1,0,0,1,1,1195,1196,1197,1198,2,2,0,2,12,0,18,5,1,14,0,1,1,0,0,8,1,0,1,0,1,1,1,0,0,1,0,21,8,-10.533106,-1.733379,38,9,3,6,28,6,2019,6,41,11,53,53
1,0,0,1,1,1199,1200,1199,1200,1,1,0,0,5,4,84,5,6,4,1,1,2,2,0,14,1,0,1,0,0,1,0,0,0,1,1,240,7,76.267392,145.281359,20,7,7,249,28,6,2019,11,11,23,40,54
38,0,0,0,1,0,\N,0,0,1,0,0,2,12,0,36,5,6,5,1,1,2,2,0,11,1,0,1,0,0,1,0,0,0,0,0,259,5,-2.436985,-45.011281,A4,9,5,19,28,6,2019,0,55,8,21,17
38,0,0,1,1,1270,1001,1272,1273,3,2,0,0,5,4,6,3,5,8.73,0,1,1,0,1,4,1,1,1,0,1,1,1,1,0,1,1,4,12,-74.542796,145.954306,41,3,6,107,28,6,2019,11,43,5,25,24
38,0,0,1,1,0,\N,0,0,2,0,0,2,3,1,18,5,6,5.1,0,1,6,14,1,10,1,1,1,0,1,1,1,0,0,0,1,238,5,24.077844,-75.178064,99,9,7,159,28,6,2019,2,8,9,20,40
38,0,0,1,1,1276,1277,1278,1279,3,2,0,2,77,2,15,1,2,3.8,0,1,1,0,1,9,1,1,1,0,1,1,0,0,0,1,0,55,3,23.489585,81.539009,1,1,3,158,28,6,2019,9,35,6,36,57
38,0,0,1,1,1281,1088,1281,1088,1,1,0,21,3,1,82,5,1,15,1,1,2,3,0,6,1,0,1,0,1,0,1,1,0,0,0,225,3,13.393798,89.404145,13,8,3,144,28,6,2019,7,28,6,52,43
32,0,0,0,1,1303,1304,1303,1304,1,1,0,3,7,1,11,5,1,15,0,1,6,19,0,11,1,1,1,0,1,1,0,0,0,1,0,87,9,43.406825,18.729714,13,4,7,200,28,6,2019,11,43,15,53,35
41,0,0,0,1,0,\N,0,0,1,0,0,0,5,4,18,1,2,3.6,0,1,6,17,0,21,1,1,1,0,1,1,0,0,0,1,1,67,5,-71.934841,57.866228,B1,0,4,101,28,6,2019,3,38,8,38,59
41,0,0,0,1,1411,1412,1411,1412,1,1,0,2,3,1,24,4,3,5,0,1,6,14,0,13,1,1,1,0,1,1,1,0,0,1,0,94,5,39.074345,-152.820805,A4,4,7,189,28,6,2019,1,37,14,43,37
41,0,0,1,1,1413,1269,1413,1269,1,1,0,2,4,1,25,3,5,9.62,0,1,1,0,0,1,0,1,1,1,1,0,0,0,0,0,0,204,4,85.295049,28.217726,29,8,5,262,28,6,2019,11,36,12,42,21
47,0,0,0,1,1414,1112,1419,1420,6,3,0,0,5,4,38,1,2,13,0,1,6,5,3,23,1,0,1,1,1,0,0,0,0,1,1,116,8,-84.19361,112.228319,1,6,3,127,28,6,2019,11,53,17,51,29
47,0,0,0,1,1415,1416,1415,1416,2,1,0,2,70,2,82,5,1,13,0,1,6,5,1,23,1,1,1,0,1,1,0,0,0,1,1,65,8,60.500924,79.679448,30,10,3,227,28,6,2019,8,36,1,25,6
47,0,0,0,1,1421,1422,1421,1422,1,1,0,18,7,1,25,5,1,14,1,1,2,3,0,24,1,0,1,0,1,1,1,0,1,0,1,3,11,42.30323,-36.406268,7,7,8,196,28,6,2019,4,4,5,58,19
47,0,0,1,1,1424,1425,1424,1425,1,1,0,2,48,2,18,3,5,9.14,0,1,1,0,0,3,1,1,1,0,1,0,1,0,0,1,0,115,5,3.707452,-27.715865,A2,10,4,172,28,6,2019,5,52,3,8,59
53,0,0,0,1,1511,1512,1524,1525,5,2,0,0,5,4,82,5,1,14,0,1,6,15,4,19,0,1,1,0,1,1,1,0,0,1,18,167,4,-29.344608,96.445169,34,3,6,33,28,6,2019,10,5,1,55,14
53,0,0,0,1,1514,1515,1514,1515,4,1,0,2,73,2,24,5,1,15,0,1,6,16,3,10,1,1,1,0,1,1,0,1,0,1,0,61,3,-40.124672,55.002535,12,10,6,58,28,6,2019,5,1,0,34,54
53,0,0,1,1,1517,990,1548,1549,11,9,0,2,54,2,6,4,3,6,0,1,6,14,3,17,1,0,1,0,1,1,0,0,0,1,1,138,4,-86.668492,-117.575869,27,4,4,131,28,6,2019,11,53,14,43,30
53,1,0,1,1,1519,1082,1547,1105,4,3,0,34,9,1,46,4,3,7,0,1,6,23,0,1,1,1,1,0,1,1,0,0,1,1,0,97,5,9.445025,-163.60203,B4,1,4,267,28,6,2019,7,4,23,25,18
53,0,0,0,1,0,\N,0,0,1,0,0,21,9,1,84,3,5,9.6,0,1,6,17,0,21,1,1,1,1,1,1,0,0,0,1,0,232,5,-33.660789,-90.026074,A3,1,2,45,28,6,2019,1,4,13,23,10
53,0,0,2,1,0,\N,0,0,2,0,0,24,20,3,47,3,5,9.81,0,1,1,0,0,23,1,1,1,0,1,0,0,0,0,0,0,261,10,-89.514395,74.868296,23,3,4,136,28,6,2019,11,6,23,58,40
53,0,0,2,1,0,\N,0,0,1,0,0,24,20,3,0,0,7,0,0,0,4,21,1,23,1,1,1,0,1,0,0,0,0,0,0,237,10,72.047399,-141.223194,17,11,1,244,28,6,2019,11,25,23,58,40
53,0,0,2,1,0,\N,0,0,1,0,0,24,20,3,6,4,3,7,0,1,6,19,0,19,1,0,1,0,1,1,0,0,0,1,0,17,4,10.714844,-33.481986,57,3,8,141,28,6,2019,11,53,6,26,33
53,0,0,2,1,1529,1530,1529,1530,1,1,0,0,6,4,33,3,5,8.38,0,1,6,18,0,9,1,1,1,0,1,0,0,0,0,0,0,206,7,-18.83639,25.838622,29,8,4,16,28,6,2019,10,52,11,36,34
53,0,0,1,1,1535,972,1535,972,1,1,0,0,5,4,18,4,3,6,0,2,5,0,0,21,1,1,1,0,1,1,0,0,0,1,1,135,12,-40.028759,157.861658,16,0,3,57,28,6,2019,2,11,23,55,15
53,0,0,1,1,1542,1318,1542,1318,1,1,0,0,8,4,6,5,6,4,1,1,2,1,0,7,1,0,1,0,1,1,1,0,0,1,1,75,4,78.546067,169.161682,27,4,3,253,28,6,2019,1,39,18,39,44
53,0,0,1,1,1544,1545,1544,1545,2,1,0,2,17,2,41,5,1,13,0,1,1,0,0,10,1,1,1,0,1,0,0,0,0,0,0,236,3,26.290527,43.80586,6,5,3,165,28,6,2019,4,5,6,54,42
44,0,0,0,1,1550,1337,1565,964,6,4,0,6,7,1,82,3,5,9.81,0,1,6,15,3,9,1,0,1,0,1,1,0,0,0,1,1,110,4,52.890788,-71.216441,53,8,8,219,",2019",6,28,11,53,18,49,38
44,0,0,0,1,1551,1552,1551,1552,2,1,0,35,20,3,30,1,2,15,0,1,6,14,1,18,1,0,1,0,1,1,0,0,0,1,1,107,3,41.892951,80.977128,9,5,5,195,",2019",6,28,6,20,17,23,48
44,0,0,1,1,1554,1555,1554,1555,1,1,0,0,8,4,64,1,2,8,1,1,2,4,0,5,0,0,1,0,1,1,1,0,0,0,0,166,2,-86.171926,-18.432174,6,5,4,130,",2019",6,28,9,20,13,51,29
44,0,0,0,1,1559,1560,1559,1560,1,1,0,2,11,1,2,5,4,3,1,3,0,8,0,7,1,0,1,0,1,1,0,0,0,0,1,250,5,11.244782,-171.465657,B4,1,9,142,",2019",6,28,4,57,16,17,53
3,1,0,0,1,1573,1574,1577,1578,3,2,0,2,54,2,32,1,2,3.6,1,1,2,2,0,11,1,0,1,0,1,0,1,0,0,0,11,1,13,40.148514,-153.229173,FL,10,7,191,28,6,2019,11,53,14,32,53
3,0,0,0,1,1575,1576,1575,1576,1,1,0,0,8,4,69,5,4,3,1,3,0,8,0,10,1,0,1,1,0,1,0,0,0,1,0,153,2,30.203906,-157.841097,31,9,9,175,28,6,2019,9,51,14,54,8
3,0,0,0,1,1579,951,1579,951,1,1,0,2,42,2,19,5,1,15,1,1,2,2,0,12,1,1,1,0,1,1,1,0,0,1,1,244,5,46.237332,24.664833,B6,9,2,203,28,6,2019,8,39,15,53,27
18,1,0,0,1,1581,1582,1597,1598,11,7,0,14,2,1,24,5,6,4,1,1,2,3,5,6,1,0,1,0,1,1,0,0,1,0,1,152,2,-54.506724,98.24032,10,8,3,77,28,6,2019,11,53,14,49,21
18,0,0,0,1,1586,1153,1586,1153,1,1,0,2,12,0,77,4,3,7,0,1,6,19,0,5,1,1,1,0,1,1,1,0,0,1,0,120,8,-89.712606,20.684199,17,0,8,137,28,6,2019,8,29,3,24,17
18,0,0,1,1,1589,1590,1589,1590,1,1,0,35,20,3,19,1,2,3.8,0,1,1,0,0,19,1,0,1,0,1,0,0,0,0,1,0,39,1,-74.208694,81.688654,MB,9,5,106,28,6,2019,11,53,12,3,48
18,1,0,0,1,1599,1304,1599,1304,3,1,0,2,3,1,84,4,3,6,0,1,6,15,3,16,1,1,0,0,1,1,0,0,0,0,11,213,10,51.780034,-157.459515,13,8,6,217,28,6,2019,3,29,16,46,22
39,0,0,1,2,1655,1656,974,\N,2,2,1,17,9,1,64,5,6,5,0,1,6,14,0,1,0,0,1,0,1,1,0,0,0,1,1,19,2,-13.240055,-105.883618,11,0,4,9,28,6,2019,10,33,20,13,9
39,0,0,1,2,1657,1658,1659,\N,2,2,1,2,10,1,60,5,1,15,0,1,1,0,0,2,1,0,0,0,1,1,1,0,0,1,1,209,5,-2.416226,-18.400887,B2,0,3,18,28,6,2019,0,56,11,5,15
39,0,0,1,2,1660,1661,962,\N,2,2,1,2,3,1,31,1,2,7,1,1,2,3,0,7,1,1,1,0,1,0,1,0,0,1,1,171,12,-20.737015,-166.0493,73,3,9,22,28,6,2019,11,38,21,26,53
39,0,0,1,2,1663,1664,974,\N,4,4,2,2,13,2,81,5,4,3,1,3,0,11,0,18,1,0,1,0,1,0,0,0,0,1,1,191,9,-9.553134,108.9957,10,5,9,138,28,6,2019,12,21,9,54,53
39,0,0,1,2,1668,1196,1669,\N,2,2,1,2,22,2,30,3,5,9.79,0,1,1,0,0,9,1,1,1,0,1,1,0,1,0,0,1,189,4,51.497458,-172.516542,32,5,7,216,28,6,2019,9,39,17,46,54
39,0,0,1,2,1670,1671,1670,1671,2,1,0,2,58,2,18,1,2,10,1,1,2,2,1,14,1,1,1,0,1,1,1,0,1,0,1,121,11,-51.784067,47.390127,20,4,9,73,28,6,2019,6,41,20,18,49
8,1,0,1,2,0,986,1752,1285,22,9,0,25,9,1,71,1,2,3.6,1,1,2,2,8,5,1,0,1,0,1,0,0,0,0,1,1,14,12,-47.205897,51.568435,45,1,2,68,28,6,2019,12,21,18,38,29
8,0,0,1,2,1718,1719,1732,1733,5,3,0,2,12,0,19,5,1,13,1,1,2,1,3,11,1,0,1,0,1,0,1,1,0,1,14,127,1,-84.00638,-165.96031,ON,6,8,126,28,6,2019,9,21,10,55,6
8,1,0,1,2,0,1478,1745,1746,6,3,0,0,5,4,5,3,5,9.86,0,1,1,0,3,14,1,1,1,0,1,0,1,0,0,1,7,130,1,42.895779,154.568238,NS,6,6,197,28,6,2019,1,25,16,25,30
8,0,0,2,2,1723,1724,1723,1724,1,1,0,2,54,2,18,3,5,8.18,0,1,1,0,0,2,1,0,1,0,1,1,0,0,0,1,0,136,13,51.008986,-153.95,VI,6,4,211,28,6,2019,7,42,13,47,45
8,0,0,2,2,1727,951,1727,951,2,1,0,41,9,1,61,4,3,8,0,1,6,17,0,2,1,1,1,1,1,1,0,0,0,0,0,253,3,-76.678437,143.527898,7,7,5,112,28,6,2019,5,21,21,34,51
8,0,0,1,2,1729,1730,1729,1730,1,1,0,2,12,0,82,4,3,8,0,1,6,22,0,2,1,0,0,1,1,0,1,1,0,1,0,79,8,-59.460277,66.89991,18,10,7,86,28,6,2019,6,13,21,33,57
8,0,0,1,2,1748,1356,1748,1356,1,1,0,0,6,4,68,4,3,6,0,1,6,18,0,3,0,0,1,0,1,1,0,0,0,1,0,242,1,-42.838807,-136.777975,NB,4,2,62,28,6,2019,10,57,12,18,37
8,0,0,1,2,0,\N,0,0,1,0,0,0,5,4,26,3,5,9.41,0,1,6,14,0,22,1,0,1,0,1,1,0,0,0,1,0,52,4,-31.322742,-177.027446,39,5,8,37,28,6,2019,3,28,19,6,14
56,0,0,1,2,1753,1185,1753,1185,1,1,0,2,54,2,19,3,5,9.98,0,1,1,0,0,20,1,0,1,0,1,1,0,0,0,0,0,90,8,44.999076,-128.909239,13,4,7,201,28,6,2019,12,21,2,13,39
56,0,0,1,2,1754,1366,1754,1366,1,1,0,8,9,1,4,5,4,4,1,3,0,7,0,16,1,1,1,0,1,0,0,1,0,1,0,40,10,-83.035991,80.813925,8,6,3,124,28,6,2019,6,50,20,57,58
56,0,0,1,2,1755,1756,1755,1756,1,1,0,2,7,1,18,5,6,4.1,0,1,6,20,0,11,1,1,1,0,1,0,0,1,0,1,0,262,10,27.148709,136.005045,6,4,2,169,28,6,2019,9,41,12,41,10
12,0,0,1,2,1844,1124,1844,1124,1,1,0,2,54,2,18,4,3,9,0,1,6,5,0,15,1,0,1,1,0,1,0,0,0,0,0,172,2,-15.852809,-173.207378,21,9,5,13,28,6,2019,1,26,7,53,22
12,0,0,1,2,1845,1181,1845,1181,1,1,0,28,15,3,34,5,1,13,1,1,2,1,0,14,1,0,1,1,1,1,1,0,0,0,0,247,6,-72.945504,55.618117,K6,5,4,103,28,6,2019,10,1,17,17,35
12,0,0,1,2,1846,1055,1846,1055,1,1,0,43,7,1,18,3,5,9.1,0,1,6,19,0,10,0,0,1,0,0,1,0,0,0,1,0,124,13,59.161629,176.44867,MS,10,8,225,28,6,2019,11,27,4,31,49
12,0,0,1,2,0,\N,0,0,1,0,0,4,7,1,18,4,3,7,0,1,6,18,0,8,0,0,1,0,1,1,1,0,0,0,1,169,6,5.260414,-86.040022,Z9,5,5,206,28,6,2019,12,21,16,22,44
12,0,0,1,2,1848,1007,1848,1007,2,1,0,35,20,3,6,5,1,15,0,1,6,23,0,15,1,0,1,0,0,1,0,0,0,1,24,141,3,35.231124,-87.107983,4,4,4,179,28,6,2019,10,43,11,27,3
55,1,0,2,1,0,457,497,498,13,8,1,20,2,1,50,5,6,5,0,1,6,16,4,2,1,0,1,0,1,0,0,0,0,1,1,214,5,50.649718,17.550862,C1,3,6,210,26,6,2019,17,21,8,53,53
55,0,0,0,1,452,407,490,491,5,4,0,0,47,2,82,4,3,8,0,1,6,20,1,7,1,0,0,0,1,1,0,0,0,1,0,208,8,-14.651877,141.395842,25,9,9,11,26,6,2019,5,16,15,17,34
55,0,0,0,1,459,460,459,460,1,1,0,0,0,0,82,1,2,3.6,0,1,6,5,0,1,1,0,1,0,1,1,0,0,0,0,0,266,2,24.193281,-177.514029,13,9,2,160,26,6,2019,3,11,0,56,10
55,0,0,0,1,470,471,470,471,1,1,0,0,74,2,63,5,6,5,1,1,2,4,0,5,1,1,1,1,1,1,0,0,0,0,1,59,7,74.116989,-152.348342,3,8,3,247,26,6,2019,2,27,2,28,10
55,0,0,1,1,473,182,473,182,3,1,0,8,3,1,18,5,1,15,0,1,1,0,3,16,1,1,1,0,1,0,0,0,0,0,1,42,4,9.42943,-150.169149,31,10,9,266,26,6,2019,12,38,17,1,27
55,0,0,1,1,477,478,477,478,1,1,0,0,35,2,82,4,3,6,0,1,6,20,0,21,1,0,1,0,0,1,0,0,0,1,0,218,13,12.946909,-97.783179,HI,1,3,143,26,6,2019,6,12,20,28,28
55,0,0,1,1,479,480,479,480,1,1,0,8,9,1,19,4,3,9,0,1,6,22,0,1,1,1,1,0,1,1,0,0,0,1,0,177,3,65.800654,-24.135051,7,6,5,235,26,6,2019,9,58,4,56,49
55,0,0,1,1,0,0,0,0,1,0,0,0,7,1,82,5,1,13,0,1,6,18,0,25,1,0,1,1,1,0,0,0,0,1,0,255,3,41.227786,-125.071411,10,3,4,193,26,6,2019,14,16,12,3,22
55,0,0,1,1,492,493,492,493,1,1,0,24,20,3,15,1,2,3.8,1,1,2,1,0,17,1,1,1,0,1,1,1,0,0,1,1,103,1,-44.431096,-44.487651,QC,8,2,65,26,6,2019,7,39,16,38,31
55,0,0,1,1,495,496,495,496,1,1,0,0,5,4,19,3,5,9.14,0,1,6,18,0,8,1,1,1,0,1,1,0,0,0,1,0,119,3,51.03617,-132.782254,8,10,3,212,26,6,2019,13,41,23,28,33
55,1,0,1,1,499,90,499,90,1,1,0,0,10,1,15,4,3,5,0,2,5,0,0,1,1,1,1,0,1,1,0,0,0,0,11,207,7,30.259352,141.263772,24,4,5,176,26,6,2019,8,53,13,31,50
20,0,0,0,1,513,514,513,514,1,1,0,0,3,1,43,3,5,9.13,0,1,1,0,0,8,1,1,1,1,1,1,0,0,0,0,0,109,10,-37.62181,-28.007135,31,1,2,50,26,6,2019,1,35,15,22,53
20,0,0,1,1,515,516,515,516,2,1,0,37,7,1,26,5,4,4,1,3,0,12,1,10,1,1,1,0,1,1,1,1,0,0,1,26,2,-31.990415,103.670181,11,4,2,41,26,6,2019,9,30,12,5,1
20,0,0,2,1,0,0,0,0,1,0,0,0,4,1,63,5,1,15,0,2,5,0,0,23,1,0,1,0,1,1,0,0,0,0,1,243,11,37.85901,-62.201645,5,7,3,186,26,6,2019,12,14,6,54,54
20,0,0,2,1,519,123,519,123,1,1,0,0,0,0,24,5,6,5.1,0,1,6,5,0,15,0,1,1,0,0,1,1,0,0,1,0,18,8,-10.370984,-94.380064,22,10,9,5,26,6,2019,17,21,12,58,35
20,0,0,2,1,520,521,520,521,1,1,0,15,9,1,6,5,6,4.1,0,1,6,18,0,10,1,1,1,0,1,1,0,1,0,1,1,28,2,28.096244,-110.650952,15,4,2,170,26,6,2019,12,56,9,34,0
20,0,0,1,1,523,524,523,524,2,1,0,0,53,2,67,1,2,3.6,1,1,2,3,1,9,1,0,0,0,1,0,1,0,0,1,1,71,4,-87.700665,7.026375,53,1,7,132,26,6,2019,6,26,20,41,55
2,0,0,2,1,539,385,539,385,2,1,0,0,8,4,15,5,4,4,1,3,0,11,0,19,0,1,1,0,1,1,0,0,0,1,1,88,7,3.977691,102.67343,27,0,8,173,26,6,2019,17,21,19,55,36
34,0,0,2,1,542,120,542,120,1,1,0,0,0,0,60,1,2,3.8,0,1,1,0,0,18,1,0,1,0,0,0,1,1,0,1,1,193,4,21.590176,54.585682,32,6,3,155,26,6,2019,15,24,23,14,25
17,0,0,0,1,0,0,0,0,1,0,0,0,78,2,38,4,3,9,0,1,6,19,0,14,1,1,1,0,1,0,1,0,1,1,0,161,7,-42.37367,-149.858436,31,5,9,59,26,6,2019,8,39,15,4,58
